{
    "index_data": [
        0,
        2,
        1,
        2,
        3,
        1
    ],
    "vertex_data": [
        {
            "bitangent": {
                "btx": 0.0,
                "bty": -0.0,
                "btz": -1.0
            },
            "color": {
                "a": 1.0,
                "b": 0.0,
                "g": 0.0,
                "r": 1.0
            },
            "normal": {
                "nx": -1.2246468525851679e-16,
                "ny": -1.0,
                "nz": -0.0
            },
            "position": {
                "x": 5.0,
                "y": -1.5,
                "z": -5.0
            },
            "tangent": {
                "tx": -1.0,
                "ty": 1.2246468525851679e-16,
                "tz": -0.0
            },
            "texcoord": {
                "u": 0.0,
                "v": 1.0
            }
        },
        {
            "bitangent": {
                "btx": 0.0,
                "bty": -0.0,
                "btz": -1.0
            },
            "color": {
                "a": 1.0,
                "b": 0.0,
                "g": 1.0,
                "r": 0.0478999987244606
            },
            "normal": {
                "nx": -1.2246468525851679e-16,
                "ny": -1.0,
                "nz": -0.0
            },
            "position": {
                "x": -5.0,
                "y": -1.5,
                "z": -5.0
            },
            "tangent": {
                "tx": -1.0,
                "ty": 1.2246468525851679e-16,
                "tz": -0.0
            },
            "texcoord": {
                "u": 1.0,
                "v": 1.0
            }
        },
        {
            "bitangent": {
                "btx": 0.0,
                "bty": -0.0,
                "btz": -1.0
            },
            "color": {
                "a": 1.0,
                "b": 1.0,
                "g": 1.0,
                "r": 1.0
            },
            "normal": {
                "nx": -1.2246468525851679e-16,
                "ny": -1.0,
                "nz": -0.0
            },
            "position": {
                "x": 5.0,
                "y": -1.5,
                "z": 5.0
            },
            "tangent": {
                "tx": -1.0,
                "ty": 1.2246468525851679e-16,
                "tz": -0.0
            },
            "texcoord": {
                "u": 0.0,
                "v": 0.0
            }
        },
        {
            "bitangent": {
                "btx": 0.0,
                "bty": -0.0,
                "btz": -1.0
            },
            "color": {
                "a": 1.0,
                "b": 1.0,
                "g": 0.0,
                "r": 0.0
            },
            "normal": {
                "nx": -1.2246468525851679e-16,
                "ny": -1.0,
                "nz": -0.0
            },
            "position": {
                "x": -5.0,
                "y": -1.5,
                "z": 5.0
            },
            "tangent": {
                "tx": -1.0,
                "ty": 1.2246468525851679e-16,
                "tz": -0.0
            },
            "texcoord": {
                "u": 1.0,
                "v": 0.0
            }
        }
    ]
}
